FirstNname,LastName,DOB,City,State,Country,Gender
Kylie,Thornton,1975-08-01,Griffinbury,Nebraska,Palestinian Territory,female
Amy,Smith,1915-02-16,Port Heather,Vermont,Latvia,female
Andrea,Miller,2011-04-10,Timothyborough,Minnesota,Malaysia,female
Shannon,Peterson,2018-05-22,Port James,Oregon,Portugal,female
Lori,Coleman,1993-01-27,Lisafort,Arkansas,Kazakhstan,female
Melissa,Davis,1976-05-30,Grantville,West Virginia,Niger,female
Christina,Rodriguez,1984-01-10,Robersonhaven,Michigan,Palestinian Territory,female
Heather,Ingram,2009-09-21,South Gabriellaborough,West Virginia,Namibia,female
Samantha,Stewart,1941-09-30,Sharonstad,Idaho,India,female
Stacy,Bishop,1925-04-25,East Mariahshire,Alabama,Burundi,female
John,Williams,1941-06-27,North Anafurt,Michigan,Estonia,male
Brad,Crawford,2007-03-21,West Natalie,Colorado,Albania,male
Jerry,Martinez,1916-11-01,Martinezville,Connecticut,Guatemala,male
Peter,Carter,1912-08-20,Sotoside,Kentucky,Guyana,male
Matthew,Vazquez,1985-11-22,Howellburgh,Mississippi,Iceland,male
Benjamin,Sullivan,1983-08-01,Silvaburgh,Arizona,Grenada,male
Robert,Melton,1929-07-09,Collinschester,Washington,Korea,male
Michael,Walters,1933-12-28,West Jacob,West Virginia,Suriname,male
Shawn,Moore,2013-01-18,West Coreymouth,Connecticut,Sierra Leone,male
Ian,Gonzales,1975-07-29,Levyberg,Rhode Island,Myanmar,male
Stephen,Garcia,1920-06-22,Burnsside,Arizona,Western Sahara,male
Timothy,Pitts,1946-12-13,Theresaborough,Minnesota,Isle of Man,male
Justin,Simmons,1939-07-31,Johnside,Wisconsin,Mauritius,male
Eric,Neal,1996-10-20,Millerville,Tennessee,Malaysia,male
Barry,Morrow,1930-06-21,East Sarah,Indiana,Kenya,male
Andrew,Johnson,1919-02-09,Simmonsmouth,Alaska,Myanmar,male
Matthew,Li,1907-07-05,North Frank,Delaware,Jamaica,male
Patrick,Branch,2017-12-22,West Matthewland,Nevada,Netherlands Antilles,male
Samuel,Mcintosh,1919-02-27,New Laurahaven,Vermont,Saint Barthelemy,male
Jon,Burgess,1986-05-30,Barkerton,Missouri,Turkey,male
Shawn,White,1959-02-10,Conniemouth,Oklahoma,American Samoa,male
Daniel,Calderon,1930-05-20,Georgestad,Maryland,Afghanistan,male
George,Chavez,1979-11-11,New Kimberlyside,Kansas,Macao,male
Robert,Newton,1988-05-25,North Jonathanhaven,Rhode Island,Sao Tome and Principe,male
David,Williams,1970-07-24,West Emilyborough,New York,Aruba,male
Michael,Lopez,2007-01-05,East Ashley,West Virginia,Netherlands,male
Christopher,Cline,1943-12-19,Pamelaborough,Minnesota,Saint Vincent and the Grenadines,male
Edwin,Mcdaniel,1945-12-28,Tonyabury,Mississippi,Solomon Islands,male
Joshua,Gallagher,1951-03-15,Rayfurt,Missouri,Israel,male
Paul,Hunt,1915-08-09,North Davidchester,Arizona,Jersey,male
